dataset,E,A,p,silhouette_score,davies_bouldin_score,calinski_harabasz_score,n_clusters_found,method,inertia,error,combination
Heart_Failure,Euclidean,Mean,,0.1178512561512019,2.622139436586235,35.89467153213674,2,Standard_KMeans,3201.1206280216065,,Standard_KMeans
Heart_Failure,E_LK,A2,0.1,0.08594339978658444,1.656503927313461,198.51639631908367,2,Fuzzy_Equivalence,,,E_LK_A2_p0.1
Heart_Failure,E_LK,A2,1.0,0.2437795257713939,0.8297577021083922,330.69974498234166,2,Fuzzy_Equivalence,,,E_LK_A2_p1.0
Heart_Failure,E_LK,A2,4.0,0.2476229966415139,0.39561534905335777,556.267640116972,2,Fuzzy_Equivalence,,,E_LK_A2_p4.0
Heart_Failure,E_LK,A3,,-0.08293976576197556,1.7982701316905993,276.59575446687177,2,Fuzzy_Equivalence,,,E_LK_A3
Heart_Failure,E_LK,A4,,0.14715719063545152,0.0,inf,2,Fuzzy_Equivalence,,,E_LK_A4
Heart_Failure,E_GG,A2,0.1,0.003023545066536037,1.992273191911829,298.2455664514367,2,Fuzzy_Equivalence,,,E_GG_A2_p0.1
Heart_Failure,E_GG,A2,1.0,0.13356425726249735,1.2078784529672795,397.69978268001853,2,Fuzzy_Equivalence,,,E_GG_A2_p1.0
Heart_Failure,E_GG,A2,4.0,0.21640968957961398,0.49912716482099284,744.7319909434041,2,Fuzzy_Equivalence,,,E_GG_A2_p4.0
Heart_Failure,E_GG,A3,,0.0,inf,0.0,1,Fuzzy_Equivalence,,,E_GG_A3
Heart_Failure,E_GG,A4,,0.14715719063545152,0.0,inf,2,Fuzzy_Equivalence,,,E_GG_A4
Heart_Failure,E_GD,A2,0.1,0.003023545066536037,1.992273191911829,298.2455664514367,2,Fuzzy_Equivalence,,,E_GD_A2_p0.1
Heart_Failure,E_GD,A2,1.0,0.13356425726249735,1.2078784529672795,397.69978268001853,2,Fuzzy_Equivalence,,,E_GD_A2_p1.0
Heart_Failure,E_GD,A2,4.0,0.21640968957961398,0.49912716482099284,744.7319909434041,2,Fuzzy_Equivalence,,,E_GD_A2_p4.0
Heart_Failure,E_GD,A3,,0.0,inf,0.0,1,Fuzzy_Equivalence,,,E_GD_A3
Heart_Failure,E_GD,A4,,0.14715719063545152,0.0,inf,2,Fuzzy_Equivalence,,,E_GD_A4
Heart_Failure,E_FD,A2,0.1,0.08594339978658444,1.6565039273134612,198.51639631908367,2,Fuzzy_Equivalence,,,E_FD_A2_p0.1
Heart_Failure,E_FD,A2,1.0,0.2437795257713939,0.8297577021083922,330.69974498234166,2,Fuzzy_Equivalence,,,E_FD_A2_p1.0
Heart_Failure,E_FD,A2,4.0,0.2476229966415139,0.39561534905335777,556.267640116972,2,Fuzzy_Equivalence,,,E_FD_A2_p4.0
Heart_Failure,E_FD,A3,,-0.08293976576197556,1.7982701316905993,276.59575446687177,2,Fuzzy_Equivalence,,,E_FD_A3
Heart_Failure,E_FD,A4,,0.14715719063545152,0.0,inf,2,Fuzzy_Equivalence,,,E_FD_A4
Heart_Failure,E_LK_R,A2,0.1,0.03596595002281087,1.8408344805719428,255.54587424081828,2,Fuzzy_Equivalence,,,E_LK_R_A2_p0.1
Heart_Failure,E_LK_R,A2,1.0,0.21059164423463156,1.0122248082283765,395.1804712989184,2,Fuzzy_Equivalence,,,E_LK_R_A2_p1.0
Heart_Failure,E_LK_R,A2,4.0,0.17453687731049242,0.4539366443970555,688.6703894405669,2,Fuzzy_Equivalence,,,E_LK_R_A2_p4.0
Heart_Failure,E_LK_R,A3,,-0.019829029723981706,1.953979659812137,295.1835135984575,2,Fuzzy_Equivalence,,,E_LK_R_A3
Heart_Failure,E_LK_R,A4,,0.14715719063545152,0.0,inf,2,Fuzzy_Equivalence,,,E_LK_R_A4
Heart_Failure,E_GG_R,A2,0.1,0.0,inf,0.0,0,Fuzzy_Equivalence,,Unknown fuzzy equivalence function: E_GG_R,E_GG_R_A2_p0.1
Heart_Failure,E_GG_R,A2,1.0,0.0,inf,0.0,0,Fuzzy_Equivalence,,Unknown fuzzy equivalence function: E_GG_R,E_GG_R_A2_p1.0
Heart_Failure,E_GG_R,A2,4.0,0.0,inf,0.0,0,Fuzzy_Equivalence,,Unknown fuzzy equivalence function: E_GG_R,E_GG_R_A2_p4.0
Heart_Failure,E_GG_R,A3,,0.0,inf,0.0,0,Fuzzy_Equivalence,,Unknown fuzzy equivalence function: E_GG_R,E_GG_R_A3
Heart_Failure,E_GG_R,A4,,0.0,inf,0.0,0,Fuzzy_Equivalence,,Unknown fuzzy equivalence function: E_GG_R,E_GG_R_A4
Heart_Failure,E_GD_R,A2,0.1,0.014546527213539575,1.980698532240881,301.7132528335895,2,Fuzzy_Equivalence,,,E_GD_R_A2_p0.1
Heart_Failure,E_GD_R,A2,1.0,0.1407988044705027,1.1067864442306776,382.20991691537205,2,Fuzzy_Equivalence,,,E_GD_R_A2_p1.0
Heart_Failure,E_GD_R,A2,4.0,0.2214853626331353,0.4516275844674621,583.017433582377,2,Fuzzy_Equivalence,,,E_GD_R_A2_p4.0
Heart_Failure,E_GD_R,A3,,0.0,inf,0.0,1,Fuzzy_Equivalence,,,E_GD_R_A3
Heart_Failure,E_GD_R,A4,,0.14715719063545152,0.0,inf,2,Fuzzy_Equivalence,,,E_GD_R_A4
Heart_Failure,E_FD_R,A2,0.1,0.04964443111319401,1.7829581853372982,208.77151714545428,2,Fuzzy_Equivalence,,,E_FD_R_A2_p0.1
Heart_Failure,E_FD_R,A2,1.0,0.24626844304856516,0.7991721482985171,357.39742262883203,2,Fuzzy_Equivalence,,,E_FD_R_A2_p1.0
Heart_Failure,E_FD_R,A2,4.0,0.3006798942853943,0.34521768406897757,525.0559041197432,2,Fuzzy_Equivalence,,,E_FD_R_A2_p4.0
Heart_Failure,E_FD_R,A3,,-0.0396693200499091,1.907959319624275,293.3592760171921,2,Fuzzy_Equivalence,,,E_FD_R_A3
Heart_Failure,E_FD_R,A4,,0.14715719063545152,0.0,inf,2,Fuzzy_Equivalence,,,E_FD_R_A4
Heart_Failure,E_3,A2,0.1,0.013848567502840534,1.9814323739711255,301.51127817748755,2,Fuzzy_Equivalence,,,E_3_A2_p0.1
Heart_Failure,E_3,A2,1.0,0.13781563490290788,1.132802604017631,388.7084576895147,2,Fuzzy_Equivalence,,,E_3_A2_p1.0
Heart_Failure,E_3,A2,4.0,0.21619856578456334,0.4739748248868233,632.2937320564569,2,Fuzzy_Equivalence,,,E_3_A2_p4.0
Heart_Failure,E_3,A3,,0.0,inf,0.0,1,Fuzzy_Equivalence,,,E_3_A3
Heart_Failure,E_3,A4,,0.14715719063545152,0.0,inf,2,Fuzzy_Equivalence,,,E_3_A4
Heart_Failure,E_4,A2,0.1,0.014951305070235076,1.9802567305804344,301.8307319427887,2,Fuzzy_Equivalence,,,E_4_A2_p0.1
Heart_Failure,E_4,A2,1.0,0.1549554097367042,1.1024605933211689,362.1113472430863,2,Fuzzy_Equivalence,,,E_4_A2_p1.0
Heart_Failure,E_4,A2,4.0,0.21175138600699456,0.4400972261678161,548.0754419193505,2,Fuzzy_Equivalence,,,E_4_A2_p4.0
Heart_Failure,E_4,A3,,0.0,inf,0.0,1,Fuzzy_Equivalence,,,E_4_A3
Heart_Failure,E_4,A4,,0.14715719063545152,0.0,inf,2,Fuzzy_Equivalence,,,E_4_A4
Heart_Failure,E_5,A2,0.1,0.002287307469890019,1.994347420604441,297.9472063500056,2,Fuzzy_Equivalence,,,E_5_A2_p0.1
Heart_Failure,E_5,A2,1.0,0.12980046539923035,1.2531621185666766,408.5274701304959,2,Fuzzy_Equivalence,,,E_5_A2_p1.0
Heart_Failure,E_5,A2,4.0,0.21756459885987908,0.5051692961448087,816.7118784436866,2,Fuzzy_Equivalence,,,E_5_A2_p4.0
Heart_Failure,E_5,A3,,0.0,inf,0.0,1,Fuzzy_Equivalence,,,E_5_A3
Heart_Failure,E_5,A4,,0.14715719063545152,0.0,inf,2,Fuzzy_Equivalence,,,E_5_A4
Heart_Failure,E_6,A2,0.1,0.06884298238913004,1.7220707242468958,240.21957886388884,2,Fuzzy_Equivalence,,,E_6_A2_p0.1
Heart_Failure,E_6,A2,1.0,0.2139807286039855,0.9561587426009475,377.1668331359564,2,Fuzzy_Equivalence,,,E_6_A2_p1.0
Heart_Failure,E_6,A2,4.0,0.16694192989485365,0.44716752703668017,669.0805454154922,2,Fuzzy_Equivalence,,,E_6_A2_p4.0
Heart_Failure,E_6,A3,,-0.04714876769993041,1.8858269983626874,286.3647882553825,2,Fuzzy_Equivalence,,,E_6_A3
Heart_Failure,E_6,A4,,0.14715719063545152,0.0,inf,2,Fuzzy_Equivalence,,,E_6_A4
